1.0	1.6	1.0	0.3	-0.038	-0.15	0.02	0.1	-89.1246791822129
2.0	1.6	1.0	0.3	-0.038	-0.15	0.02	0.11	-89.09755578478902
3.0	1.6	1.0	0.3	-0.038	-0.15	0.02	0.12	-89.60675439066483
4.0	1.6	1.0	0.3	-0.038	-0.15	0.0225	0.1	-84.00399418437577
5.0	1.6	1.0	0.3	-0.038	-0.15	0.0225	0.11	-83.6306802954552
6.0	1.6	1.0	0.3	-0.038	-0.15	0.0225	0.12	-83.78876972131441
7.0	1.6	1.0	0.3	-0.038	-0.15	0.025	0.1	-79.89831096643718
8.0	1.6	1.0	0.3	-0.038	-0.15	0.025	0.11	-79.25089202014283
9.0	1.6	1.0	0.3	-0.038	-0.15	0.025	0.12	-79.12991370099277
10.0	1.6	1.0	0.3	-0.038	-0.145	0.02	0.1	-89.10621269153981
11.0	1.6	1.0	0.3	-0.038	-0.145	0.02	0.11	-89.07516880993077
12.0	1.6	1.0	0.3	-0.038	-0.145	0.02	0.12	-89.5805179407297
13.0	1.6	1.0	0.3	-0.038	-0.145	0.0225	0.1	-83.99028264178725
14.0	1.6	1.0	0.3	-0.038	-0.145	0.0225	0.11	-83.61350859088604
15.0	1.6	1.0	0.3	-0.038	-0.145	0.0225	0.12	-83.76819407627026
16.0	1.6	1.0	0.3	-0.038	-0.145	0.025	0.1	-79.88835477674371
17.0	1.6	1.0	0.3	-0.038	-0.145	0.025	0.11	-79.23784823392405
18.0	1.6	1.0	0.3	-0.038	-0.145	0.025	0.12	-79.11382594885615
19.0	1.6	1.0	0.3	-0.038	-0.14	0.02	0.1	-89.08774619867421
20.0	1.6	1.0	0.3	-0.038	-0.14	0.02	0.11	-89.05278183357149
21.0	1.6	1.0	0.3	-0.038	-0.14	0.02	0.12	-89.55428149007794
22.0	1.6	1.0	0.3	-0.038	-0.14	0.0225	0.1	-83.9765710964098
23.0	1.6	1.0	0.3	-0.038	-0.14	0.0225	0.11	-83.59633688416726
24.0	1.6	1.0	0.3	-0.038	-0.14	0.0225	0.12	-83.74761842984212
25.0	1.6	1.0	0.3	-0.038	-0.14	0.025	0.1	-79.87839858374895
26.0	1.6	1.0	0.3	-0.038	-0.14	0.025	0.11	-79.22480444495979
27.0	1.6	1.0	0.3	-0.038	-0.14	0.025	0.12	-79.09773819469122
28.0	1.6	1.0	0.3	-0.037	-0.15	0.02	0.1	-89.14260020167731
29.0	1.6	1.0	0.3	-0.037	-0.15	0.02	0.11	-89.11668784787717
30.0	1.6	1.0	0.3	-0.037	-0.15	0.02	0.12	-89.62712340535376
31.0	1.6	1.0	0.3	-0.037	-0.15	0.0225	0.1	-84.02075061285318
32.0	1.6	1.0	0.3	-0.037	-0.15	0.0225	0.11	-83.64850758970668
33.0	1.6	1.0	0.3	-0.037	-0.15	0.0225	0.12	-83.8076925168672
34.0	1.6	1.0	0.3	-0.037	-0.15	0.025	0.1	-79.91414770431263
35.0	1.6	1.0	0.3	-0.037	-0.15	0.025	0.11	-79.26768621053746
36.0	1.6	1.0	0.3	-0.037	-0.15	0.025	0.12	-79.14768918599067
37.0	1.6	1.0	0.3	-0.037	-0.145	0.02	0.1	-89.12413371002116
38.0	1.6	1.0	0.3	-0.037	-0.145	0.02	0.11	-89.09430087239613
39.0	1.6	1.0	0.3	-0.037	-0.145	0.02	0.12	-89.60088695514123
40.0	1.6	1.0	0.3	-0.037	-0.145	0.0225	0.1	-84.00703906887493
41.0	1.6	1.0	0.3	-0.037	-0.145	0.0225	0.11	-83.63133588415559
42.0	1.6	1.0	0.3	-0.037	-0.145	0.0225	0.12	-83.78711687123575
43.0	1.6	1.0	0.3	-0.037	-0.145	0.025	0.1	-79.9041915127894
44.0	1.6	1.0	0.3	-0.037	-0.145	0.025	0.11	-79.25464242293793
45.0	1.6	1.0	0.3	-0.037	-0.145	0.025	0.12	-79.1316014329134
46.0	1.6	1.0	0.3	-0.037	-0.14	0.02	0.1	-89.1056672161728
47.0	1.6	1.0	0.3	-0.037	-0.14	0.02	0.11	-89.07191389541417
48.0	1.6	1.0	0.3	-0.037	-0.14	0.02	0.12	-89.57465050421227
49.0	1.6	1.0	0.3	-0.037	-0.14	0.0225	0.1	-83.99332752210805
50.0	1.6	1.0	0.3	-0.037	-0.14	0.0225	0.11	-83.61416417645523
51.0	1.6	1.0	0.3	-0.037	-0.14	0.0225	0.12	-83.76654122422067
52.0	1.6	1.0	0.3	-0.037	-0.14	0.025	0.1	-79.89423531796535
53.0	1.6	1.0	0.3	-0.037	-0.14	0.025	0.11	-79.24159863259337
54.0	1.6	1.0	0.3	-0.037	-0.14	0.025	0.12	-79.11551367780805
55.0	1.6	1.0	0.3	-0.036	-0.15	0.02	0.1	-89.1605212207009
56.0	1.6	1.0	0.3	-0.036	-0.15	0.02	0.11	-89.13581991070697
57.0	1.6	1.0	0.3	-0.036	-0.15	0.02	0.12	-89.64749241993535
58.0	1.6	1.0	0.3	-0.036	-0.15	0.0225	0.1	-84.03750704063806
59.0	1.6	1.0	0.3	-0.036	-0.15	0.0225	0.11	-83.66633488350966
60.0	1.6	1.0	0.3	-0.036	-0.15	0.0225	0.12	-83.82661531217079
61.0	1.6	1.0	0.3	-0.036	-0.15	0.025	0.1	-79.92998444117399
62.0	1.6	1.0	0.3	-0.036	-0.15	0.025	0.11	-79.28448040023768
63.0	1.6	1.0	0.3	-0.036	-0.15	0.025	0.12	-79.16546467055231
64.0	1.6	1.0	0.3	-0.036	-0.145	0.02	0.1	-89.14205472806177
65.0	1.6	1.0	0.3	-0.036	-0.145	0.02	0.11	-89.1134329346032
66.0	1.6	1.0	0.3	-0.036	-0.145	0.02	0.12	-89.62125596944556
67.0	1.6	1.0	0.3	-0.036	-0.145	0.0225	0.1	-84.02379549527032
68.0	1.6	1.0	0.3	-0.036	-0.145	0.0225	0.11	-83.64916317697686
69.0	1.6	1.0	0.3	-0.036	-0.145	0.0225	0.12	-83.80603966595223
70.0	1.6	1.0	0.3	-0.036	-0.145	0.025	0.1	-79.92002824782135
71.0	1.6	1.0	0.3	-0.036	-0.145	0.025	0.11	-79.27143661125776
72.0	1.6	1.0	0.3	-0.036	-0.145	0.025	0.12	-79.14937691653454
73.0	1.6	1.0	0.3	-0.036	-0.14	0.02	0.1	-89.12358823323079
74.0	1.6	1.0	0.3	-0.036	-0.14	0.02	0.11	-89.09104595699871
75.0	1.6	1.0	0.3	-0.036	-0.14	0.02	0.12	-89.5950195182394
76.0	1.6	1.0	0.3	-0.036	-0.14	0.0225	0.1	-84.01008394711428
77.0	1.6	1.0	0.3	-0.036	-0.14	0.0225	0.11	-83.6319914682951
78.0	1.6	1.0	0.3	-0.036	-0.14	0.0225	0.12	-83.7854640183502
79.0	1.6	1.0	0.3	-0.036	-0.14	0.025	0.1	-79.91007205116831
80.0	1.6	1.0	0.3	-0.036	-0.14	0.025	0.11	-79.25839281953311
81.0	1.6	1.0	0.3	-0.036	-0.14	0.025	0.12	-79.13328916048903
82.0	1.6	1.0	0.34	-0.038	-0.15	0.02	0.1	-92.04019323287835
83.0	1.6	1.0	0.34	-0.038	-0.15	0.02	0.11	-92.01423849038429
84.0	1.6	1.0	0.34	-0.038	-0.15	0.02	0.12	-92.53102978805053
85.0	1.6	1.0	0.34	-0.038	-0.15	0.0225	0.1	-86.65380961337671
86.0	1.6	1.0	0.34	-0.038	-0.15	0.0225	0.11	-86.27689197859803
87.0	1.6	1.0	0.34	-0.038	-0.15	0.0225	0.12	-86.43789445682938
88.0	1.6	1.0	0.34	-0.038	-0.15	0.025	0.1	-82.3358905931032
89.0	1.6	1.0	0.34	-0.038	-0.15	0.025	0.11	-81.68095006840282
90.0	1.6	1.0	0.34	-0.038	-0.15	0.025	0.12	-81.55907063978049
91.0	1.6	1.0	0.34	-0.038	-0.145	0.02	0.1	-92.02172642164851
92.0	1.6	1.0	0.34	-0.038	-0.145	0.02	0.11	-91.99185132784704
93.0	1.6	1.0	0.34	-0.038	-0.145	0.02	0.12	-92.50479326029357
94.0	1.6	1.0	0.34	-0.038	-0.145	0.0225	0.1	-86.64009762717572
95.0	1.6	1.0	0.34	-0.038	-0.145	0.0225	0.11	-86.25971998402159
96.0	1.6	1.0	0.34	-0.038	-0.145	0.0225	0.12	-86.41731865030455
97.0	1.6	1.0	0.34	-0.038	-0.145	0.025	0.1	-82.325933831338
98.0	1.6	1.0	0.34	-0.038	-0.145	0.025	0.11	-81.66790588221203
99.0	1.6	1.0	0.34	-0.038	-0.145	0.025	0.12	-81.54298263370875
100.0	1.6	1.0	0.34	-0.038	-0.14	0.02	0.1	-92.00325960832566
101.0	1.6	1.0	0.34	-0.038	-0.14	0.02	0.11	-91.96946416387584
102.0	1.6	1.0	0.34	-0.038	-0.14	0.02	0.12	-92.4785567318515
103.0	1.6	1.0	0.34	-0.038	-0.14	0.0225	0.1	-86.62638563831426
104.0	1.6	1.0	0.34	-0.038	-0.14	0.0225	0.11	-86.24254798739305
105.0	1.6	1.0	0.34	-0.038	-0.14	0.0225	0.12	-86.39674284245766
106.0	1.6	1.0	0.34	-0.038	-0.14	0.025	0.1	-82.31597706642594
107.0	1.6	1.0	0.34	-0.038	-0.14	0.025	0.11	-81.65486169340213
108.0	1.6	1.0	0.34	-0.038	-0.14	0.025	0.12	-81.52689462570063
109.0	1.6	1.0	0.34	-0.037	-0.15	0.02	0.1	-92.05811410861011
110.0	1.6	1.0	0.34	-0.037	-0.15	0.02	0.11	-92.0333704756056
111.0	1.6	1.0	0.34	-0.037	-0.15	0.02	0.12	-92.55139877263039
112.0	1.6	1.0	0.34	-0.037	-0.15	0.0225	0.1	-86.6705658208179
113.0	1.6	1.0	0.34	-0.037	-0.15	0.0225	0.11	-86.29471914038942
114.0	1.6	1.0	0.34	-0.037	-0.15	0.0225	0.12	-86.45681718386878
115.0	1.6	1.0	0.34	-0.037	-0.15	0.025	0.1	-82.35172701392479
116.0	1.6	1.0	0.34	-0.037	-0.15	0.025	0.11	-81.69774405765848
117.0	1.6	1.0	0.34	-0.037	-0.15	0.025	0.12	-81.57684600702402
118.0	1.6	1.0	0.34	-0.037	-0.145	0.02	0.1	-92.03964729644187
119.0	1.6	1.0	0.34	-0.037	-0.145	0.02	0.11	-92.01098331247346
120.0	1.6	1.0	0.34	-0.037	-0.145	0.02	0.12	-92.5251622446084
121.0	1.6	1.0	0.34	-0.037	-0.145	0.0225	0.1	-86.65685383329124
122.0	1.6	1.0	0.34	-0.037	-0.145	0.0225	0.11	-86.27754714487561
123.0	1.6	1.0	0.34	-0.037	-0.145	0.0225	0.12	-86.43624137678303
124.0	1.6	1.0	0.34	-0.037	-0.145	0.025	0.1	-82.34177025041551
125.0	1.6	1.0	0.34	-0.037	-0.145	0.025	0.11	-81.6846998701506
126.0	1.6	1.0	0.34	-0.037	-0.145	0.025	0.12	-81.56075800005434
127.0	1.6	1.0	0.34	-0.037	-0.14	0.02	0.1	-92.02118048218088
128.0	1.6	1.0	0.34	-0.037	-0.14	0.02	0.11	-91.9885961479075
129.0	1.6	1.0	0.34	-0.037	-0.14	0.02	0.12	-92.49892571590138
130.0	1.6	1.0	0.34	-0.037	-0.14	0.0225	0.1	-86.64314184310462
131.0	1.6	1.0	0.34	-0.037	-0.14	0.0225	0.11	-86.26037514731011
132.0	1.6	1.0	0.34	-0.037	-0.14	0.0225	0.12	-86.41566556837543
133.0	1.6	1.0	0.34	-0.037	-0.14	0.025	0.1	-82.3318134837599
134.0	1.6	1.0	0.34	-0.037	-0.14	0.025	0.11	-81.67165568002405
135.0	1.6	1.0	0.34	-0.037	-0.14	0.025	0.12	-81.54466999114852
136.0	1.6	1.0	0.34	-0.036	-0.15	0.02	0.1	-92.07603498392116
137.0	1.6	1.0	0.34	-0.036	-0.15	0.02	0.11	-92.05250246058016
138.0	1.6	1.0	0.34	-0.036	-0.15	0.02	0.12	-92.57176775710774
139.0	1.6	1.0	0.34	-0.036	-0.15	0.0225	0.1	-86.68732202759848
140.0	1.6	1.0	0.34	-0.036	-0.15	0.0225	0.11	-86.31254630175263
141.0	1.6	1.0	0.34	-0.036	-0.15	0.0225	0.12	-86.47573991067019
142.0	1.6	1.0	0.34	-0.036	-0.15	0.025	0.1	-82.36756343377975
143.0	1.6	1.0	0.34	-0.036	-0.15	0.025	0.11	-81.7145380462518
144.0	1.6	1.0	0.34	-0.036	-0.15	0.025	0.12	-81.59462137385118
145.0	1.6	1.0	0.34	-0.036	-0.145	0.02	0.1	-92.0575681708146
146.0	1.6	1.0	0.34	-0.036	-0.145	0.02	0.11	-92.0301152968531
147.0	1.6	1.0	0.34	-0.036	-0.145	0.02	0.12	-92.54553122882069
148.0	1.6	1.0	0.34	-0.036	-0.145	0.0225	0.1	-86.67361003874652
149.0	1.6	1.0	0.34	-0.036	-0.145	0.0225	0.11	-86.2953743053017
150.0	1.6	1.0	0.34	-0.036	-0.145	0.0225	0.12	-86.45516410302369
151.0	1.6	1.0	0.34	-0.036	-0.145	0.025	0.1	-82.35760666852676
152.0	1.6	1.0	0.34	-0.036	-0.145	0.025	0.11	-81.70149385742711
153.0	1.6	1.0	0.34	-0.036	-0.145	0.025	0.12	-81.5785333659837
154.0	1.6	1.0	0.34	-0.036	-0.14	0.02	0.1	-92.0391013556157
155.0	1.6	1.0	0.34	-0.036	-0.14	0.02	0.11	-92.0077281316925
156.0	1.6	1.0	0.34	-0.036	-0.14	0.02	0.12	-92.51929469984874
157.0	1.6	1.0	0.34	-0.036	-0.14	0.0225	0.1	-86.65989804723486
158.0	1.6	1.0	0.34	-0.036	-0.14	0.0225	0.11	-86.2782023067994
159.0	1.6	1.0	0.34	-0.036	-0.14	0.0225	0.12	-86.43458829405542
160.0	1.6	1.0	0.34	-0.036	-0.14	0.025	0.1	-82.34764990012782
161.0	1.6	1.0	0.34	-0.036	-0.14	0.025	0.11	-81.68844966598412
162.0	1.6	1.0	0.34	-0.036	-0.14	0.025	0.12	-81.56244535618033
163.0	1.6	1.0	0.38	-0.038	-0.15	0.02	0.1	-94.95566040860277
164.0	1.6	1.0	0.38	-0.038	-0.15	0.02	0.11	-94.9308977291364
165.0	1.6	1.0	0.38	-0.038	-0.15	0.02	0.12	-95.45529673526359
166.0	1.6	1.0	0.38	-0.038	-0.15	0.0225	0.1	-89.3035544742741
167.0	1.6	1.0	0.38	-0.038	-0.15	0.0225	0.11	-88.92306453298573
168.0	1.6	1.0	0.38	-0.038	-0.15	0.0225	0.12	-89.08700034943058
169.0	1.6	1.0	0.38	-0.038	-0.15	0.025	0.1	-84.77337107451658
170.0	1.6	1.0	0.38	-0.038	-0.15	0.025	0.11	-84.11094983879512
171.0	1.6	1.0	0.38	-0.038	-0.15	0.025	0.12	-83.98819578591068
172.0	1.6	1.0	0.38	-0.038	-0.145	0.02	0.1	-94.93719329127126
173.0	1.6	1.0	0.38	-0.038	-0.145	0.02	0.11	-94.90851038725943
174.0	1.6	1.0	0.38	-0.038	-0.145	0.02	0.12	-95.42906013309411
175.0	1.6	1.0	0.38	-0.038	-0.145	0.0225	0.1	-89.2898420647759
176.0	1.6	1.0	0.38	-0.038	-0.145	0.0225	0.11	-88.90589226147848
177.0	1.6	1.0	0.38	-0.038	-0.145	0.0225	0.12	-89.06642438860462
178.0	1.6	1.0	0.38	-0.038	-0.145	0.025	0.1	-84.76341376726664
179.0	1.6	1.0	0.38	-0.038	-0.145	0.025	0.11	-84.09790527092075
180.0	1.6	1.0	0.38	-0.038	-0.145	0.025	0.12	-83.97210753734666
181.0	1.6	1.0	0.38	-0.038	-0.14	0.02	0.1	-94.91872617194056
182.0	1.6	1.0	0.38	-0.038	-0.14	0.02	0.11	-94.88612304401174
183.0	1.6	1.0	0.38	-0.038	-0.14	0.02	0.12	-95.40282353026926
184.0	1.6	1.0	0.38	-0.038	-0.14	0.0225	0.1	-89.27612965273796
185.0	1.6	1.0	0.38	-0.038	-0.14	0.0225	0.11	-88.88871998801085
186.0	1.6	1.0	0.38	-0.038	-0.14	0.0225	0.12	-89.04584842651482
187.0	1.6	1.0	0.38	-0.038	-0.14	0.025	0.1	-84.75345645701499
188.0	1.6	1.0	0.38	-0.038	-0.14	0.025	0.11	-84.08486070054596
189.0	1.6	1.0	0.38	-0.038	-0.14	0.025	0.12	-83.95601928693276
190.0	1.6	1.0	0.38	-0.037	-0.15	0.02	0.1	-94.97358114709138
191.0	1.6	1.0	0.38	-0.037	-0.15	0.02	0.11	-94.9500296399576
192.0	1.6	1.0	0.38	-0.037	-0.15	0.02	0.12	-95.47566569105936
193.0	1.6	1.0	0.38	-0.037	-0.15	0.0225	0.1	-89.32031047081131
194.0	1.6	1.0	0.38	-0.037	-0.15	0.0225	0.11	-88.94089156829787
195.0	1.6	1.0	0.38	-0.037	-0.15	0.0225	0.12	-89.1059230110099
196.0	1.6	1.0	0.38	-0.037	-0.15	0.025	0.1	-84.78920719303153
197.0	1.6	1.0	0.38	-0.037	-0.15	0.025	0.11	-84.1277436361189
198.0	1.6	1.0	0.38	-0.037	-0.15	0.025	0.12	-84.00597104071467
199.0	1.6	1.0	0.38	-0.037	-0.145	0.02	0.1	-94.95511402886358
200.0	1.6	1.0	0.38	-0.037	-0.145	0.02	0.11	-94.92764229751198
201.0	1.6	1.0	0.38	-0.037	-0.145	0.02	0.12	-95.44942908863628
202.0	1.6	1.0	0.38	-0.037	-0.145	0.0225	0.1	-89.30659806004773
203.0	1.6	1.0	0.38	-0.037	-0.145	0.0225	0.11	-88.92371929589535
204.0	1.6	1.0	0.38	-0.037	-0.145	0.0225	0.12	-89.08534704964774
205.0	1.6	1.0	0.38	-0.037	-0.145	0.025	0.1	-84.77924988411806
206.0	1.6	1.0	0.38	-0.037	-0.145	0.025	0.11	-84.11469906698717
207.0	1.6	1.0	0.38	-0.037	-0.145	0.025	0.12	-83.9898827912929
208.0	1.6	1.0	0.38	-0.037	-0.14	0.02	0.1	-94.93664690863672
209.0	1.6	1.0	0.38	-0.037	-0.14	0.02	0.11	-94.90525495369567
210.0	1.6	1.0	0.38	-0.037	-0.14	0.02	0.12	-95.42319248555802
211.0	1.6	1.0	0.38	-0.037	-0.14	0.0225	0.1	-89.2928856467449
212.0	1.6	1.0	0.38	-0.037	-0.14	0.0225	0.11	-88.9065470215327
213.0	1.6	1.0	0.38	-0.037	-0.14	0.0225	0.12	-89.06477108702201
214.0	1.6	1.0	0.38	-0.037	-0.14	0.025	0.1	-84.76929257220321
215.0	1.6	1.0	0.38	-0.037	-0.14	0.025	0.11	-84.10165449535555
216.0	1.6	1.0	0.38	-0.037	-0.14	0.025	0.12	-83.97379454002153
217.0	1.6	1.0	0.38	-0.036	-0.15	0.02	0.1	-94.9915018851782
218.0	1.6	1.0	0.38	-0.036	-0.15	0.02	0.11	-94.96916155054281
219.0	1.6	1.0	0.38	-0.036	-0.15	0.02	0.12	-95.49603464675698
220.0	1.6	1.0	0.38	-0.036	-0.15	0.0225	0.1	-89.33706646671807
221.0	1.6	1.0	0.38	-0.036	-0.15	0.0225	0.11	-88.95871860320119
222.0	1.6	1.0	0.38	-0.036	-0.15	0.0225	0.12	-89.12484567236169
223.0	1.6	1.0	0.38	-0.036	-0.15	0.025	0.1	-84.80504331062454
224.0	1.6	1.0	0.38	-0.036	-0.15	0.025	0.11	-84.1445374328104
225.0	1.6	1.0	0.38	-0.036	-0.15	0.025	0.12	-84.02374629512103
226.0	1.6	1.0	0.38	-0.036	-0.145	0.02	0.1	-94.97303476605406
227.0	1.6	1.0	0.38	-0.036	-0.145	0.02	0.11	-94.9467742075286
228.0	1.6	1.0	0.38	-0.036	-0.145	0.02	0.12	-95.46979804408043
229.0	1.6	1.0	0.38	-0.036	-0.145	0.0225	0.1	-89.3233540546894
230.0	1.6	1.0	0.38	-0.036	-0.145	0.0225	0.11	-88.94154632990345
231.0	1.6	1.0	0.38	-0.036	-0.145	0.0225	0.12	-89.10426971046344
232.0	1.6	1.0	0.38	-0.036	-0.145	0.025	0.1	-84.79508600004772
233.0	1.6	1.0	0.38	-0.036	-0.145	0.025	0.11	-84.13149286242165
234.0	1.6	1.0	0.38	-0.036	-0.145	0.025	0.12	-84.00765804484162
235.0	1.6	1.0	0.38	-0.036	-0.14	0.02	0.1	-94.9545676449312
236.0	1.6	1.0	0.38	-0.036	-0.14	0.02	0.11	-94.92438686314391
237.0	1.6	1.0	0.38	-0.036	-0.14	0.02	0.12	-95.44356144074871
238.0	1.6	1.0	0.38	-0.036	-0.14	0.0225	0.1	-89.30964164012161
239.0	1.6	1.0	0.38	-0.036	-0.14	0.0225	0.11	-88.92437405464584
240.0	1.6	1.0	0.38	-0.036	-0.14	0.0225	0.12	-89.08369374730184
241.0	1.6	1.0	0.38	-0.036	-0.14	0.025	0.1	-84.78512868646999
242.0	1.6	1.0	0.38	-0.036	-0.14	0.025	0.11	-84.11844828953325
243.0	1.6	1.0	0.38	-0.036	-0.14	0.025	0.12	-83.99156979271291
244.0	1.7	1.0	0.3	-0.038	-0.15	0.02	0.1	-92.21050219968062
245.0	1.7	1.0	0.3	-0.038	-0.15	0.02	0.11	-92.1024885707467
246.0	1.7	1.0	0.3	-0.038	-0.15	0.02	0.12	-92.5599985413258
247.0	1.7	1.0	0.3	-0.038	-0.15	0.0225	0.1	-86.97593066873269
248.0	1.7	1.0	0.3	-0.038	-0.15	0.0225	0.11	-86.51152931913734
249.0	1.7	1.0	0.3	-0.038	-0.15	0.0225	0.12	-86.60741094974952
250.0	1.7	1.0	0.3	-0.038	-0.15	0.025	0.1	-82.7780500080515
251.0	1.7	1.0	0.3	-0.038	-0.15	0.025	0.11	-82.03169706945624
252.0	1.7	1.0	0.3	-0.038	-0.15	0.025	0.12	-81.84030445698188
253.0	1.7	1.0	0.3	-0.038	-0.145	0.02	0.1	-92.19203635180459
254.0	1.7	1.0	0.3	-0.038	-0.145	0.02	0.11	-92.08010203507196
255.0	1.7	1.0	0.3	-0.038	-0.145	0.02	0.12	-92.53376236357744
256.0	1.7	1.0	0.3	-0.038	-0.145	0.0225	0.1	-86.96221996990236
257.0	1.7	1.0	0.3	-0.038	-0.145	0.0225	0.11	-86.49435822684015
258.0	1.7	1.0	0.3	-0.038	-0.145	0.0225	0.12	-86.58683572405788
259.0	1.7	1.0	0.3	-0.038	-0.145	0.025	0.1	-82.76809486522791
260.0	1.7	1.0	0.3	-0.038	-0.145	0.025	0.11	-82.01865407545243
261.0	1.7	1.0	0.3	-0.038	-0.145	0.025	0.12	-81.82421728101616
262.0	1.7	1.0	0.3	-0.038	-0.14	0.02	0.1	-92.17357050167644
263.0	1.7	1.0	0.3	-0.038	-0.14	0.02	0.11	-92.05771549784203
264.0	1.7	1.0	0.3	-0.038	-0.14	0.02	0.12	-92.5075261850636
265.0	1.7	1.0	0.3	-0.038	-0.14	0.0225	0.1	-86.94850926821297
266.0	1.7	1.0	0.3	-0.038	-0.14	0.0225	0.11	-86.47718713232797
267.0	1.7	1.0	0.3	-0.038	-0.14	0.0225	0.12	-86.56626049692197
268.0	1.7	1.0	0.3	-0.038	-0.14	0.025	0.1	-82.75813971902429
269.0	1.7	1.0	0.3	-0.038	-0.14	0.025	0.11	-82.0056110786278
270.0	1.7	1.0	0.3	-0.038	-0.14	0.025	0.12	-81.80813010295084
271.0	1.7	1.0	0.3	-0.037	-0.15	0.02	0.1	-92.22842350766068
272.0	1.7	1.0	0.3	-0.037	-0.15	0.02	0.11	-92.12162081646557
273.0	1.7	1.0	0.3	-0.037	-0.15	0.02	0.12	-92.58036766216227
274.0	1.7	1.0	0.3	-0.037	-0.15	0.0225	0.1	-86.99268751793109
275.0	1.7	1.0	0.3	-0.037	-0.15	0.0225	0.11	-86.52935689342772
276.0	1.7	1.0	0.3	-0.037	-0.15	0.0225	0.12	-86.62633392380569
277.0	1.7	1.0	0.3	-0.037	-0.15	0.025	0.1	-82.79388732645418
278.0	1.7	1.0	0.3	-0.037	-0.15	0.025	0.11	-82.04849165862751
279.0	1.7	1.0	0.3	-0.037	-0.15	0.025	0.12	-81.8580802096685
280.0	1.7	1.0	0.3	-0.037	-0.145	0.02	0.1	-92.20995765877467
281.0	1.7	1.0	0.3	-0.037	-0.145	0.02	0.11	-92.0992342801454
282.0	1.7	1.0	0.3	-0.037	-0.145	0.02	0.12	-92.5541314841173
283.0	1.7	1.0	0.3	-0.037	-0.145	0.0225	0.1	-86.97897681767596
284.0	1.7	1.0	0.3	-0.037	-0.145	0.0225	0.11	-86.51218580011864
285.0	1.7	1.0	0.3	-0.037	-0.145	0.0225	0.12	-86.60575869750103
286.0	1.7	1.0	0.3	-0.037	-0.145	0.025	0.1	-82.78393218175711
287.0	1.7	1.0	0.3	-0.037	-0.145	0.025	0.11	-82.03544866320496
288.0	1.7	1.0	0.3	-0.037	-0.145	0.025	0.12	-81.84199303272882
289.0	1.7	1.0	0.3	-0.037	-0.14	0.02	0.1	-92.19149180763696
290.0	1.7	1.0	0.3	-0.037	-0.14	0.02	0.11	-92.07684774227017
291.0	1.7	1.0	0.3	-0.037	-0.14	0.02	0.12	-92.52789530530721
292.0	1.7	1.0	0.3	-0.037	-0.14	0.0225	0.1	-86.9652661145622
293.0	1.7	1.0	0.3	-0.037	-0.14	0.0225	0.11	-86.49501470459482
294.0	1.7	1.0	0.3	-0.037	-0.14	0.0225	0.12	-86.58518346975222
295.0	1.7	1.0	0.3	-0.037	-0.14	0.025	0.1	-82.77397703368052
296.0	1.7	1.0	0.3	-0.037	-0.14	0.025	0.11	-82.02240566496194
297.0	1.7	1.0	0.3	-0.037	-0.14	0.025	0.12	-81.82590585368993
298.0	1.7	1.0	0.3	-0.036	-0.15	0.02	0.1	-92.24634481518788
299.0	1.7	1.0	0.3	-0.036	-0.15	0.02	0.11	-92.1407530619167
300.0	1.7	1.0	0.3	-0.036	-0.15	0.02	0.12	-92.60073678288386
301.0	1.7	1.0	0.3	-0.036	-0.15	0.0225	0.1	-87.00944436641947
302.0	1.7	1.0	0.3	-0.036	-0.15	0.0225	0.11	-86.54718446725582
303.0	1.7	1.0	0.3	-0.036	-0.15	0.0225	0.12	-86.64525689760164
304.0	1.7	1.0	0.3	-0.036	-0.15	0.025	0.1	-82.80972464381843
305.0	1.7	1.0	0.3	-0.036	-0.15	0.025	0.11	-82.06528624708524
306.0	1.7	1.0	0.3	-0.036	-0.15	0.025	0.12	-81.87585596190334
307.0	1.7	1.0	0.3	-0.036	-0.145	0.02	0.1	-92.22787896529209
308.0	1.7	1.0	0.3	-0.036	-0.145	0.02	0.11	-92.11836652495107
309.0	1.7	1.0	0.3	-0.036	-0.145	0.02	0.12	-92.57450060454264
310.0	1.7	1.0	0.3	-0.036	-0.145	0.0225	0.1	-86.99573366473977
311.0	1.7	1.0	0.3	-0.036	-0.145	0.0225	0.11	-86.53001337293497
312.0	1.7	1.0	0.3	-0.036	-0.145	0.0225	0.12	-86.62468167068397
313.0	1.7	1.0	0.3	-0.036	-0.145	0.025	0.1	-82.7997694972482
314.0	1.7	1.0	0.3	-0.036	-0.145	0.025	0.11	-82.05224325024413
315.0	1.7	1.0	0.3	-0.036	-0.145	0.025	0.12	-81.85976878399002
316.0	1.7	1.0	0.3	-0.036	-0.14	0.02	0.1	-92.20941311314476
317.0	1.7	1.0	0.3	-0.036	-0.14	0.02	0.11	-92.09597998643069
318.0	1.7	1.0	0.3	-0.036	-0.14	0.02	0.12	-92.54826442543616
319.0	1.7	1.0	0.3	-0.036	-0.14	0.0225	0.1	-86.98202296020182
320.0	1.7	1.0	0.3	-0.036	-0.14	0.0225	0.11	-86.51284227639974
321.0	1.7	1.0	0.3	-0.036	-0.14	0.0225	0.12	-86.60410644232236
322.0	1.7	1.0	0.3	-0.036	-0.14	0.025	0.1	-82.7898143472989
323.0	1.7	1.0	0.3	-0.036	-0.14	0.025	0.11	-82.039200250583
324.0	1.7	1.0	0.3	-0.036	-0.14	0.025	0.12	-81.84368160397764
325.0	1.7	1.0	0.34	-0.038	-0.15	0.02	0.1	-95.12611182691349
326.0	1.7	1.0	0.34	-0.038	-0.15	0.02	0.11	-95.01922708905522
327.0	1.7	1.0	0.34	-0.038	-0.15	0.02	0.12	-95.48430401707398
328.0	1.7	1.0	0.34	-0.038	-0.15	0.0225	0.1	-89.62588262542937
329.0	1.7	1.0	0.34	-0.038	-0.15	0.0225	0.11	-89.15782498589172
330.0	1.7	1.0	0.34	-0.038	-0.15	0.0225	0.12	-89.25658541837605
331.0	1.7	1.0	0.34	-0.038	-0.15	0.025	0.1	-85.21581424715838
332.0	1.7	1.0	0.34	-0.038	-0.15	0.025	0.11	-84.46187250654256
333.0	1.7	1.0	0.34	-0.038	-0.15	0.025	0.12	-84.26953471831298
334.0	1.7	1.0	0.34	-0.038	-0.145	0.02	0.1	-95.10764564948806
335.0	1.7	1.0	0.34	-0.038	-0.145	0.02	0.11	-94.9968403587598
336.0	1.7	1.0	0.34	-0.038	-0.145	0.02	0.12	-95.45806775610177
337.0	1.7	1.0	0.34	-0.038	-0.145	0.0225	0.1	-89.61217147147934
338.0	1.7	1.0	0.34	-0.038	-0.145	0.0225	0.11	-89.14065359451386
339.0	1.7	1.0	0.34	-0.038	-0.145	0.0225	0.12	-89.23601002399595
340.0	1.7	1.0	0.34	-0.038	-0.145	0.025	0.1	-85.20585851816135
341.0	1.7	1.0	0.34	-0.038	-0.145	0.025	0.11	-84.44882910124461
342.0	1.7	1.0	0.34	-0.038	-0.145	0.025	0.12	-84.25344727926662
343.0	1.7	1.0	0.34	-0.038	-0.14	0.02	0.1	-95.08917946990954
344.0	1.7	1.0	0.34	-0.038	-0.14	0.02	0.11	-94.97445362697655
345.0	1.7	1.0	0.34	-0.038	-0.14	0.02	0.12	-95.43183149439687
346.0	1.7	1.0	0.34	-0.038	-0.14	0.0225	0.1	-89.59846031479807
347.0	1.7	1.0	0.34	-0.038	-0.14	0.0225	0.11	-89.12348220101843
348.0	1.7	1.0	0.34	-0.038	-0.14	0.0225	0.12	-89.21543462823419
349.0	1.7	1.0	0.34	-0.038	-0.14	0.025	0.1	-85.19590278593768
350.0	1.7	1.0	0.34	-0.038	-0.14	0.025	0.11	-84.4357856932517
351.0	1.7	1.0	0.34	-0.038	-0.14	0.025	0.12	-84.23735983821284
352.0	1.7	1.0	0.34	-0.037	-0.15	0.02	0.1	-95.14403298710883
353.0	1.7	1.0	0.34	-0.037	-0.15	0.02	0.11	-95.03835925400557
354.0	1.7	1.0	0.34	-0.037	-0.15	0.02	0.12	-95.50467310567923
355.0	1.7	1.0	0.34	-0.037	-0.15	0.0225	0.1	-89.64263924783498
356.0	1.7	1.0	0.34	-0.037	-0.15	0.0225	0.11	-89.17565242355487
357.0	1.7	1.0	0.34	-0.037	-0.15	0.0225	0.12	-89.275508320834
358.0	1.7	1.0	0.34	-0.037	-0.15	0.025	0.1	-85.23165124066503
359.0	1.7	1.0	0.34	-0.037	-0.15	0.025	0.11	-84.47866688885591
360.0	1.7	1.0	0.34	-0.037	-0.15	0.025	0.12	-84.28731034897763
361.0	1.7	1.0	0.34	-0.037	-0.145	0.02	0.1	-95.12556680871789
362.0	1.7	1.0	0.34	-0.037	-0.145	0.02	0.11	-95.0159725230928
363.0	1.7	1.0	0.34	-0.037	-0.145	0.02	0.12	-95.4784368444233
364.0	1.7	1.0	0.34	-0.037	-0.145	0.0225	0.1	-89.62892809252392
365.0	1.7	1.0	0.34	-0.037	-0.145	0.0225	0.11	-89.15848103120969
366.0	1.7	1.0	0.34	-0.037	-0.145	0.0225	0.12	-89.25493292586755
367.0	1.7	1.0	0.34	-0.037	-0.145	0.025	0.1	-85.22169550987962
368.0	1.7	1.0	0.34	-0.037	-0.145	0.025	0.11	-84.4656234822025
369.0	1.7	1.0	0.34	-0.037	-0.145	0.025	0.12	-84.27122290900022
370.0	1.7	1.0	0.34	-0.037	-0.14	0.02	0.1	-95.10710062817422
371.0	1.7	1.0	0.34	-0.037	-0.14	0.02	0.11	-94.99358579069226
372.0	1.7	1.0	0.34	-0.037	-0.14	0.02	0.12	-95.45220058243471
373.0	1.7	1.0	0.34	-0.037	-0.14	0.0225	0.1	-89.61521693448199
374.0	1.7	1.0	0.34	-0.037	-0.14	0.0225	0.11	-89.14130963674717
375.0	1.7	1.0	0.34	-0.037	-0.14	0.0225	0.12	-89.23435752951954
376.0	1.7	1.0	0.34	-0.037	-0.14	0.025	0.1	-85.21173977586793
377.0	1.7	1.0	0.34	-0.037	-0.14	0.025	0.11	-84.45258007285462
378.0	1.7	1.0	0.34	-0.037	-0.14	0.025	0.12	-84.25513546701575
379.0	1.7	1.0	0.34	-0.036	-0.15	0.02	0.1	-95.16195414687117
380.0	1.7	1.0	0.34	-0.036	-0.15	0.02	0.11	-95.05749141869984
381.0	1.7	1.0	0.34	-0.036	-0.15	0.02	0.12	-95.5250421941746
382.0	1.7	1.0	0.34	-0.036	-0.15	0.0225	0.1	-89.6593958695623
383.0	1.7	1.0	0.34	-0.036	-0.15	0.0225	0.11	-89.19347986077612
384.0	1.7	1.0	0.34	-0.036	-0.15	0.0225	0.12	-89.29443122304313
385.0	1.7	1.0	0.34	-0.036	-0.15	0.025	0.1	-85.24748823318046
386.0	1.7	1.0	0.34	-0.036	-0.15	0.025	0.11	-84.49546127048752
387.0	1.7	1.0	0.34	-0.036	-0.15	0.025	0.12	-84.30508597921053
388.0	1.7	1.0	0.34	-0.036	-0.145	0.02	0.1	-95.14348796751493
389.0	1.7	1.0	0.34	-0.036	-0.145	0.02	0.11	-95.03510468716964
390.0	1.7	1.0	0.34	-0.036	-0.145	0.02	0.12	-95.49880593263487
391.0	1.7	1.0	0.34	-0.036	-0.145	0.0225	0.1	-89.64568471289047
392.0	1.7	1.0	0.34	-0.036	-0.145	0.0225	0.11	-89.17630846746368
393.0	1.7	1.0	0.34	-0.036	-0.145	0.0225	0.12	-89.27385582749028
394.0	1.7	1.0	0.34	-0.036	-0.145	0.025	0.1	-85.23753250060687
395.0	1.7	1.0	0.34	-0.036	-0.145	0.025	0.11	-84.48241786247905
396.0	1.7	1.0	0.34	-0.036	-0.145	0.025	0.12	-84.2889985383022
397.0	1.7	1.0	0.34	-0.036	-0.14	0.02	0.1	-95.12502178600617
398.0	1.7	1.0	0.34	-0.036	-0.14	0.02	0.11	-95.01271795415195
399.0	1.7	1.0	0.34	-0.036	-0.14	0.02	0.12	-95.47256967036272
400.0	1.7	1.0	0.34	-0.036	-0.14	0.0225	0.1	-89.63197355348798
401.0	1.7	1.0	0.34	-0.036	-0.14	0.0225	0.11	-89.15913707203424
402.0	1.7	1.0	0.34	-0.036	-0.14	0.0225	0.12	-89.25328043055609
403.0	1.7	1.0	0.34	-0.036	-0.14	0.025	0.1	-85.22757676480745
404.0	1.7	1.0	0.34	-0.036	-0.14	0.025	0.11	-84.46937445177623
405.0	1.7	1.0	0.34	-0.036	-0.14	0.025	0.12	-84.27291109538709
406.0	1.7	1.0	0.38	-0.038	-0.15	0.02	0.1	-98.0416732248892
407.0	1.7	1.0	0.38	-0.038	-0.15	0.02	0.11	-97.93594125088126
408.0	1.7	1.0	0.38	-0.038	-0.15	0.02	0.12	-98.40860044379801
409.0	1.7	1.0	0.38	-0.038	-0.15	0.0225	0.1	-92.27576212522735
410.0	1.7	1.0	0.38	-0.038	-0.15	0.0225	0.11	-91.80408026593118
411.0	1.7	1.0	0.38	-0.038	-0.15	0.0225	0.12	-91.90574018409305
412.0	1.7	1.0	0.38	-0.038	-0.15	0.025	0.1	-87.65347681544334
413.0	1.7	1.0	0.38	-0.038	-0.15	0.025	0.11	-86.8919879671157
414.0	1.7	1.0	0.38	-0.038	-0.15	0.025	0.12	-86.69873201331663
415.0	1.7	1.0	0.38	-0.038	-0.145	0.02	0.1	-98.02320673231796
416.0	1.7	1.0	0.38	-0.038	-0.145	0.02	0.11	-97.91355433434761
417.0	1.7	1.0	0.38	-0.038	-0.145	0.02	0.12	-98.38236410313684
418.0	1.7	1.0	0.38	-0.038	-0.145	0.0225	0.1	-92.26205053636002
419.0	1.7	1.0	0.38	-0.038	-0.145	0.0225	0.11	-91.78690858854505
420.0	1.7	1.0	0.38	-0.038	-0.145	0.0225	0.12	-91.88516462829529
421.0	1.7	1.0	0.38	-0.038	-0.145	0.025	0.1	-87.6435205266803
422.0	1.7	1.0	0.38	-0.038	-0.145	0.025	0.11	-86.87894416875403
423.0	1.7	1.0	0.38	-0.038	-0.145	0.025	0.12	-86.68264432268239
424.0	1.7	1.0	0.38	-0.038	-0.14	0.02	0.1	-98.00474023768717
425.0	1.7	1.0	0.38	-0.038	-0.14	0.02	0.11	-97.89116741638968
426.0	1.7	1.0	0.38	-0.038	-0.14	0.02	0.12	-98.35612776177385
427.0	1.7	1.0	0.38	-0.038	-0.14	0.0225	0.1	-92.24833894488165
428.0	1.7	1.0	0.38	-0.038	-0.14	0.0225	0.11	-91.7697369091329
429.0	1.7	1.0	0.38	-0.038	-0.14	0.0225	0.12	-91.86458907117488
430.0	1.7	1.0	0.38	-0.038	-0.14	0.025	0.1	-87.63356423483465
431.0	1.7	1.0	0.38	-0.038	-0.14	0.025	0.11	-86.86590036781601
432.0	1.7	1.0	0.38	-0.038	-0.14	0.025	0.12	-86.66655663012781
433.0	1.7	1.0	0.38	-0.037	-0.15	0.02	0.1	-98.05959424376672
434.0	1.7	1.0	0.38	-0.037	-0.15	0.02	0.11	-97.95507333854844
435.0	1.7	1.0	0.38	-0.037	-0.15	0.02	0.12	-98.42896950154652
436.0	1.7	1.0	0.38	-0.037	-0.15	0.0225	0.1	-92.29251853091674
437.0	1.7	1.0	0.38	-0.037	-0.15	0.0225	0.11	-91.82190757294686
438.0	1.7	1.0	0.38	-0.037	-0.15	0.0225	0.12	-91.92466301804572
439.0	1.7	1.0	0.38	-0.037	-0.15	0.025	0.1	-87.6693134987024
440.0	1.7	1.0	0.38	-0.037	-0.15	0.025	0.11	-86.90878215174972
441.0	1.7	1.0	0.38	-0.037	-0.15	0.025	0.12	-86.71650752729826
442.0	1.7	1.0	0.38	-0.037	-0.145	0.02	0.1	-98.04112775027198
443.0	1.7	1.0	0.38	-0.037	-0.145	0.02	0.11	-97.9326864214238
444.0	1.7	1.0	0.38	-0.037	-0.145	0.02	0.12	-98.40273316061365
445.0	1.7	1.0	0.38	-0.037	-0.145	0.0225	0.1	-92.2788069407484
446.0	1.7	1.0	0.38	-0.037	-0.145	0.0225	0.11	-91.80473589463527
447.0	1.7	1.0	0.38	-0.037	-0.145	0.0225	0.12	-91.90408746168657
448.0	1.7	1.0	0.38	-0.037	-0.145	0.025	0.1	-87.65935720823092
449.0	1.7	1.0	0.38	-0.037	-0.145	0.025	0.11	-86.89573835209237
450.0	1.7	1.0	0.38	-0.037	-0.145	0.025	0.12	-86.70041983577339
451.0	1.7	1.0	0.38	-0.037	-0.14	0.02	0.1	-98.02266125471782
452.0	1.7	1.0	0.38	-0.037	-0.14	0.02	0.11	-97.91029950287499
453.0	1.7	1.0	0.38	-0.037	-0.14	0.02	0.12	-98.3764968189789
454.0	1.7	1.0	0.38	-0.037	-0.14	0.0225	0.1	-92.26509534796936
455.0	1.7	1.0	0.38	-0.037	-0.14	0.0225	0.11	-91.7875642142981
456.0	1.7	1.0	0.38	-0.037	-0.14	0.0225	0.12	-91.88351190400502
457.0	1.7	1.0	0.38	-0.037	-0.14	0.025	0.1	-87.64940091467726
458.0	1.7	1.0	0.38	-0.037	-0.14	0.025	0.11	-86.88269454985887
459.0	1.7	1.0	0.38	-0.037	-0.14	0.025	0.12	-86.68433214232843
460.0	1.7	1.0	0.38	-0.036	-0.15	0.02	0.1	-98.07751526223001
461.0	1.7	1.0	0.38	-0.036	-0.15	0.02	0.11	-97.9742054259704
462.0	1.7	1.0	0.38	-0.036	-0.15	0.02	0.12	-98.44933855918984
463.0	1.7	1.0	0.38	-0.036	-0.15	0.0225	0.1	-92.30927493595796
464.0	1.7	1.0	0.38	-0.036	-0.15	0.0225	0.11	-91.83973487953985
465.0	1.7	1.0	0.38	-0.036	-0.15	0.0225	0.12	-91.94358585176015
466.0	1.7	1.0	0.38	-0.036	-0.15	0.025	0.1	-87.68515018101456
467.0	1.7	1.0	0.38	-0.036	-0.15	0.025	0.11	-86.9255763357321
468.0	1.7	1.0	0.38	-0.036	-0.15	0.025	0.12	-86.7342830408668
469.0	1.7	1.0	0.38	-0.036	-0.145	0.02	0.1	-98.05904876781187
470.0	1.7	1.0	0.38	-0.036	-0.145	0.02	0.11	-97.95181850825479
471.0	1.7	1.0	0.38	-0.036	-0.145	0.02	0.12	-98.42310221798512
472.0	1.7	1.0	0.38	-0.036	-0.145	0.0225	0.1	-92.29556334448871
473.0	1.7	1.0	0.38	-0.036	-0.145	0.0225	0.11	-91.822563200303
474.0	1.7	1.0	0.38	-0.036	-0.145	0.0225	0.12	-91.92301029483976
475.0	1.7	1.0	0.38	-0.036	-0.145	0.025	0.1	-87.67519388883484
476.0	1.7	1.0	0.38	-0.036	-0.145	0.025	0.11	-86.91253253477917
477.0	1.7	1.0	0.38	-0.036	-0.145	0.025	0.12	-86.71819534845146
478.0	1.7	1.0	0.38	-0.036	-0.14	0.02	0.1	-98.04058227133451
479.0	1.7	1.0	0.38	-0.036	-0.14	0.02	0.11	-97.92943158911521
480.0	1.7	1.0	0.38	-0.036	-0.14	0.02	0.12	-98.39686587607879
481.0	1.7	1.0	0.38	-0.036	-0.14	0.0225	0.1	-92.2818517504091
482.0	1.7	1.0	0.38	-0.036	-0.14	0.0225	0.11	-91.80539151904085
483.0	1.7	1.0	0.38	-0.036	-0.14	0.0225	0.12	-91.90243473659713
484.0	1.7	1.0	0.38	-0.036	-0.14	0.025	0.1	-87.66523759357347
485.0	1.7	1.0	0.38	-0.036	-0.14	0.025	0.11	-86.89948873125049
486.0	1.7	1.0	0.38	-0.036	-0.14	0.025	0.12	-86.70210765411625
487.0	1.8	1.0	0.3	-0.038	-0.15	0.02	0.1	-95.29616111395156
488.0	1.8	1.0	0.3	-0.038	-0.15	0.02	0.11	-95.10731831063414
489.0	1.8	1.0	0.3	-0.038	-0.15	0.02	0.12	-95.51317953148673
490.0	1.8	1.0	0.3	-0.038	-0.15	0.0225	0.1	-89.94764118074934
491.0	1.8	1.0	0.3	-0.038	-0.15	0.0225	0.11	-89.3922316494725
492.0	1.8	1.0	0.3	-0.038	-0.15	0.0225	0.12	-89.4259577032896
493.0	1.8	1.0	0.3	-0.038	-0.15	0.025	0.1	-85.65749222770873
494.0	1.8	1.0	0.3	-0.038	-0.15	0.025	0.11	-84.81230501714704
495.0	1.8	1.0	0.3	-0.038	-0.15	0.025	0.12	-84.55056423221198
496.0	1.8	1.0	0.3	-0.038	-0.145	0.02	0.1	-95.2776958851163
497.0	1.8	1.0	0.3	-0.038	-0.145	0.02	0.11	-95.08493219859504
498.0	1.8	1.0	0.3	-0.038	-0.145	0.02	0.12	-95.48694361717595
499.0	1.8	1.0	0.3	-0.038	-0.145	0.0225	0.1	-89.9339312941321
500.0	1.8	1.0	0.3	-0.038	-0.145	0.0225	0.11	-89.37506114719065
501.0	1.8	1.0	0.3	-0.038	-0.145	0.0225	0.12	-89.40538288250546
502.0	1.8	1.0	0.3	-0.038	-0.145	0.025	0.1	-85.64753809233947
503.0	1.8	1.0	0.3	-0.038	-0.145	0.025	0.11	-84.79926278612517
504.0	1.8	1.0	0.3	-0.038	-0.145	0.025	0.12	-84.53447761189439
505.0	1.8	1.0	0.3	-0.038	-0.14	0.02	0.1	-95.25923065397758
506.0	1.8	1.0	0.3	-0.038	-0.14	0.02	0.11	-95.06254608495333
507.0	1.8	1.0	0.3	-0.038	-0.14	0.02	0.12	-95.46070770205633
508.0	1.8	1.0	0.3	-0.038	-0.14	0.0225	0.1	-89.9202214045958
509.0	1.8	1.0	0.3	-0.038	-0.14	0.0225	0.11	-89.35789064263707
510.0	1.8	1.0	0.3	-0.038	-0.14	0.0225	0.12	-89.38480806022383
511.0	1.8	1.0	0.3	-0.038	-0.14	0.025	0.1	-85.63758395352315
512.0	1.8	1.0	0.3	-0.038	-0.14	0.025	0.11	-84.7862205522175
513.0	1.8	1.0	0.3	-0.038	-0.14	0.025	0.12	-84.51839098941488
514.0	1.8	1.0	0.3	-0.037	-0.15	0.02	0.1	-95.31408269980251
515.0	1.8	1.0	0.3	-0.037	-0.15	0.02	0.11	-95.12645073253466
516.0	1.8	1.0	0.3	-0.037	-0.15	0.02	0.12	-95.53354875507473
517.0	1.8	1.0	0.3	-0.037	-0.15	0.0225	0.1	-89.96439843496057
518.0	1.8	1.0	0.3	-0.037	-0.15	0.0225	0.11	-89.41005949364074
519.0	1.8	1.0	0.3	-0.037	-0.15	0.0225	0.12	-89.4448808497177
520.0	1.8	1.0	0.3	-0.037	-0.15	0.025	0.1	-85.67333010480624
521.0	1.8	1.0	0.3	-0.037	-0.15	0.025	0.11	-84.82909999040143
522.0	1.8	1.0	0.3	-0.037	-0.15	0.025	0.12	-84.56834024307175
523.0	1.8	1.0	0.3	-0.037	-0.145	0.02	0.1	-95.29561746993403
524.0	1.8	1.0	0.3	-0.037	-0.145	0.02	0.11	-95.10406461983024
525.0	1.8	1.0	0.3	-0.037	-0.145	0.02	0.12	-95.50731284045041
526.0	1.8	1.0	0.3	-0.037	-0.145	0.0225	0.1	-89.95068854688856
527.0	1.8	1.0	0.3	-0.037	-0.145	0.0225	0.11	-89.39288899032093
528.0	1.8	1.0	0.3	-0.037	-0.145	0.0225	0.12	-89.42430602829765
529.0	1.8	1.0	0.3	-0.037	-0.145	0.025	0.1	-85.66337596752619
530.0	1.8	1.0	0.3	-0.037	-0.145	0.025	0.11	-84.81605775792795
531.0	1.8	1.0	0.3	-0.037	-0.145	0.025	0.12	-84.55225362175113
532.0	1.8	1.0	0.3	-0.037	-0.14	0.02	0.1	-95.27715223776256
533.0	1.8	1.0	0.3	-0.037	-0.14	0.02	0.11	-95.08167850552351
534.0	1.8	1.0	0.3	-0.037	-0.14	0.02	0.12	-95.48107692501729
535.0	1.8	1.0	0.3	-0.037	-0.14	0.0225	0.1	-89.93697865589786
536.0	1.8	1.0	0.3	-0.037	-0.14	0.0225	0.11	-89.37571848472976
537.0	1.8	1.0	0.3	-0.037	-0.14	0.0225	0.12	-89.40373120538044
538.0	1.8	1.0	0.3	-0.037	-0.14	0.025	0.1	-85.65342182679962
539.0	1.8	1.0	0.3	-0.037	-0.14	0.025	0.11	-84.80301552256914
540.0	1.8	1.0	0.3	-0.037	-0.14	0.025	0.12	-84.53616699826912
541.0	1.8	1.0	0.3	-0.036	-0.15	0.02	0.1	-95.33200428518998
542.0	1.8	1.0	0.3	-0.036	-0.15	0.02	0.11	-95.14558315415898
543.0	1.8	1.0	0.3	-0.036	-0.15	0.02	0.12	-95.55391797854128
544.0	1.8	1.0	0.3	-0.036	-0.15	0.0225	0.1	-89.98115568844688
545.0	1.8	1.0	0.3	-0.036	-0.15	0.0225	0.11	-89.42788733733475
546.0	1.8	1.0	0.3	-0.036	-0.15	0.0225	0.12	-89.46380399587582
547.0	1.8	1.0	0.3	-0.036	-0.15	0.025	0.1	-85.68916798084459
548.0	1.8	1.0	0.3	-0.036	-0.15	0.025	0.11	-84.84589496292564
549.0	1.8	1.0	0.3	-0.036	-0.15	0.025	0.12	-84.58611625346614
550.0	1.8	1.0	0.3	-0.036	-0.145	0.02	0.1	-95.31353905428863
551.0	1.8	1.0	0.3	-0.036	-0.145	0.02	0.11	-95.1231970407894
552.0	1.8	1.0	0.3	-0.036	-0.145	0.02	0.12	-95.52768206360335
553.0	1.8	1.0	0.3	-0.036	-0.145	0.0225	0.1	-89.96744579892025
554.0	1.8	1.0	0.3	-0.036	-0.145	0.0225	0.11	-89.41071683297714
555.0	1.8	1.0	0.3	-0.036	-0.145	0.0225	0.12	-89.44322917382007
556.0	1.8	1.0	0.3	-0.036	-0.145	0.025	0.1	-85.67921384165406
557.0	1.8	1.0	0.3	-0.036	-0.145	0.025	0.11	-84.83285272900076
558.0	1.8	1.0	0.3	-0.036	-0.145	0.025	0.12	-84.57002963114283
559.0	1.8	1.0	0.3	-0.036	-0.14	0.02	0.1	-95.29507382108447
560.0	1.8	1.0	0.3	-0.036	-0.14	0.02	0.11	-95.10081092581778
561.0	1.8	1.0	0.3	-0.036	-0.14	0.02	0.12	-95.50144614785691
562.0	1.8	1.0	0.3	-0.036	-0.14	0.0225	0.1	-89.95373590647539
563.0	1.8	1.0	0.3	-0.036	-0.14	0.0225	0.11	-89.39354632634851
564.0	1.8	1.0	0.3	-0.036	-0.14	0.0225	0.12	-89.42265435026724
565.0	1.8	1.0	0.3	-0.036	-0.14	0.025	0.1	-85.66925969901746
566.0	1.8	1.0	0.3	-0.036	-0.14	0.025	0.11	-84.8198104921911
567.0	1.8	1.0	0.3	-0.036	-0.14	0.025	0.12	-84.55394300665833
568.0	1.8	1.0	0.34	-0.038	-0.15	0.02	0.1	-98.21186285690285
569.0	1.8	1.0	0.34	-0.038	-0.15	0.02	0.11	-98.02411070871642
570.0	1.8	1.0	0.34	-0.038	-0.15	0.02	0.12	-98.43751414409026
571.0	1.8	1.0	0.34	-0.038	-0.15	0.0225	0.1	-92.59772466288041
572.0	1.8	1.0	0.34	-0.038	-0.15	0.0225	0.11	-92.03860831040491
573.0	1.8	1.0	0.34	-0.038	-0.15	0.0225	0.12	-92.07518023104194
574.0	1.8	1.0	0.34	-0.038	-0.15	0.025	0.1	-88.09543426707579
575.0	1.8	1.0	0.34	-0.038	-0.15	0.025	0.11	-87.24259359964402
576.0	1.8	1.0	0.34	-0.038	-0.15	0.025	0.12	-86.97986526059496
577.0	1.8	1.0	0.34	-0.038	-0.145	0.02	0.1	-98.19339729075095
578.0	1.8	1.0	0.34	-0.038	-0.145	0.02	0.11	-98.00172439597377
579.0	1.8	1.0	0.34	-0.038	-0.145	0.02	0.12	-98.41127814172366
580.0	1.8	1.0	0.34	-0.038	-0.145	0.0225	0.1	-92.58401431125068
581.0	1.8	1.0	0.34	-0.038	-0.145	0.0225	0.11	-92.02143750115495
582.0	1.8	1.0	0.34	-0.038	-0.145	0.0225	0.12	-92.05460523520445
583.0	1.8	1.0	0.34	-0.038	-0.145	0.025	0.1	-88.08547953344825
584.0	1.8	1.0	0.34	-0.038	-0.145	0.025	0.11	-87.22955094753864
585.0	1.8	1.0	0.34	-0.038	-0.145	0.025	0.12	-86.96377836918978
586.0	1.8	1.0	0.34	-0.038	-0.14	0.02	0.1	-98.17493172239392
587.0	1.8	1.0	0.34	-0.038	-0.14	0.02	0.11	-97.97933808169604
588.0	1.8	1.0	0.34	-0.038	-0.14	0.02	0.12	-98.38504213858158
589.0	1.8	1.0	0.34	-0.038	-0.14	0.0225	0.1	-92.5703039568286
590.0	1.8	1.0	0.34	-0.038	-0.14	0.0225	0.11	-92.00426668973012
591.0	1.8	1.0	0.34	-0.038	-0.14	0.0225	0.12	-92.03403023793248
592.0	1.8	1.0	0.34	-0.038	-0.14	0.025	0.1	-88.07552479652531
593.0	1.8	1.0	0.34	-0.038	-0.14	0.025	0.11	-87.21650829267242
594.0	1.8	1.0	0.34	-0.038	-0.14	0.025	0.12	-86.94769147571499
595.0	1.8	1.0	0.34	-0.037	-0.15	0.02	0.1	-98.22978429146795
596.0	1.8	1.0	0.34	-0.037	-0.15	0.02	0.11	-98.04324304730495
597.0	1.8	1.0	0.34	-0.037	-0.15	0.02	0.12	-98.45788333354808
598.0	1.8	1.0	0.34	-0.037	-0.15	0.0225	0.1	-92.61448168534864
599.0	1.8	1.0	0.34	-0.037	-0.15	0.0225	0.11	-92.05643601432247
600.0	1.8	1.0	0.34	-0.037	-0.15	0.0225	0.12	-92.09410330314695
601.0	1.8	1.0	0.34	-0.037	-0.15	0.025	0.1	-88.11127181255512
602.0	1.8	1.0	0.34	-0.037	-0.15	0.025	0.11	-87.25938836109437
603.0	1.8	1.0	0.34	-0.037	-0.15	0.025	0.12	-86.99764114569544
604.0	1.8	1.0	0.34	-0.037	-0.145	0.02	0.1	-98.21131872432711
605.0	1.8	1.0	0.34	-0.037	-0.145	0.02	0.11	-98.02085673392514
606.0	1.8	1.0	0.34	-0.037	-0.145	0.02	0.12	-98.43164733088089
607.0	1.8	1.0	0.34	-0.037	-0.145	0.0225	0.1	-92.6007713323274
608.0	1.8	1.0	0.34	-0.037	-0.145	0.0225	0.11	-92.03926520407883
609.0	1.8	1.0	0.34	-0.037	-0.145	0.0225	0.12	-92.07352830670044
610.0	1.8	1.0	0.34	-0.037	-0.145	0.025	0.1	-88.10131707710097
611.0	1.8	1.0	0.34	-0.037	-0.145	0.025	0.11	-87.24634570760034
612.0	1.8	1.0	0.34	-0.037	-0.145	0.025	0.12	-86.98155425333017
613.0	1.8	1.0	0.34	-0.037	-0.14	0.02	0.1	-98.19285315498146
614.0	1.8	1.0	0.34	-0.037	-0.14	0.02	0.11	-97.99847041901029
615.0	1.8	1.0	0.34	-0.037	-0.14	0.02	0.12	-98.40541132743842
616.0	1.8	1.0	0.34	-0.037	-0.14	0.0225	0.1	-92.58706097651391
617.0	1.8	1.0	0.34	-0.037	-0.14	0.0225	0.11	-92.02209439166074
618.0	1.8	1.0	0.34	-0.037	-0.14	0.0225	0.12	-92.05295330881957
619.0	1.8	1.0	0.34	-0.037	-0.14	0.025	0.1	-88.0913623383519
620.0	1.8	1.0	0.34	-0.037	-0.14	0.025	0.11	-87.23330305134586
621.0	1.8	1.0	0.34	-0.037	-0.14	0.025	0.12	-86.96546735889568
622.0	1.8	1.0	0.34	-0.036	-0.15	0.02	0.1	-98.24770572558957
623.0	1.8	1.0	0.34	-0.036	-0.15	0.02	0.11	-98.06237538562901
624.0	1.8	1.0	0.34	-0.036	-0.15	0.02	0.12	-98.47825252288933
625.0	1.8	1.0	0.34	-0.036	-0.15	0.0225	0.1	-92.63123870712343
626.0	1.8	1.0	0.34	-0.036	-0.15	0.0225	0.11	-92.07426371778602
627.0	1.8	1.0	0.34	-0.036	-0.15	0.0225	0.12	-92.11302637499337
628.0	1.8	1.0	0.34	-0.036	-0.15	0.025	0.1	-88.127109357022
629.0	1.8	1.0	0.34	-0.036	-0.15	0.025	0.11	-87.2761831218463
630.0	1.8	1.0	0.34	-0.036	-0.15	0.025	0.12	-87.01541703035058
631.0	1.8	1.0	0.34	-0.036	-0.145	0.02	0.1	-98.2292401574599
632.0	1.8	1.0	0.34	-0.036	-0.145	0.02	0.11	-98.03998907161206
633.0	1.8	1.0	0.34	-0.036	-0.145	0.02	0.12	-98.45201651992178
634.0	1.8	1.0	0.34	-0.036	-0.145	0.0225	0.1	-92.61752835271065
635.0	1.8	1.0	0.34	-0.036	-0.145	0.0225	0.11	-92.0570929065489
636.0	1.8	1.0	0.34	-0.036	-0.145	0.0225	0.12	-92.09245137793789
637.0	1.8	1.0	0.34	-0.036	-0.145	0.025	0.1	-88.11715461974148
638.0	1.8	1.0	0.34	-0.036	-0.145	0.025	0.11	-87.26314046696376
639.0	1.8	1.0	0.34	-0.036	-0.145	0.025	0.12	-86.99933013702535
640.0	1.8	1.0	0.34	-0.036	-0.14	0.02	0.1	-98.21077458712568
641.0	1.8	1.0	0.34	-0.036	-0.14	0.02	0.11	-98.01760275606028
642.0	1.8	1.0	0.34	-0.036	-0.14	0.02	0.12	-98.42578051617892
643.0	1.8	1.0	0.34	-0.036	-0.14	0.0225	0.1	-92.6038179955061
644.0	1.8	1.0	0.34	-0.036	-0.14	0.0225	0.11	-92.03992209313766
645.0	1.8	1.0	0.34	-0.036	-0.14	0.0225	0.12	-92.07187637944826
646.0	1.8	1.0	0.34	-0.036	-0.14	0.025	0.1	-88.10719987916647
647.0	1.8	1.0	0.34	-0.036	-0.14	0.025	0.11	-87.25009780932122
648.0	1.8	1.0	0.34	-0.036	-0.14	0.025	0.12	-86.98324324163117
649.0	1.8	1.0	0.38	-0.038	-0.15	0.02	0.1	-101.12751519637249
650.0	1.8	1.0	0.38	-0.038	-0.15	0.02	0.11	-100.94087796842324
651.0	1.8	1.0	0.38	-0.038	-0.15	0.02	0.12	-101.36183917086154
652.0	1.8	1.0	0.38	-0.038	-0.15	0.0225	0.1	-95.2477340575269
653.0	1.8	1.0	0.38	-0.038	-0.15	0.0225	0.11	-94.68494348732078
654.0	1.8	1.0	0.38	-0.038	-0.15	0.0225	0.12	-94.72438229447368
655.0	1.8	1.0	0.38	-0.038	-0.15	0.025	0.1	-90.53327246161551
656.0	1.8	1.0	0.38	-0.038	-0.15	0.025	0.11	-89.67282073136548
657.0	1.8	1.0	0.38	-0.038	-0.15	0.025	0.12	-89.40913229199128
658.0	1.8	1.0	0.38	-0.038	-0.145	0.02	0.1	-101.10904930720731
659.0	1.8	1.0	0.38	-0.038	-0.145	0.02	0.11	-100.91849146336419
660.0	1.8	1.0	0.38	-0.038	-0.145	0.02	0.12	-101.33560308406834
661.0	1.8	1.0	0.38	-0.038	-0.145	0.0225	0.1	-95.23402326091147
662.0	1.8	1.0	0.38	-0.038	-0.145	0.0225	0.11	-94.66777238412062
663.0	1.8	1.0	0.38	-0.038	-0.145	0.0225	0.12	-94.70380713090411
664.0	1.8	1.0	0.38	-0.038	-0.145	0.025	0.1	-90.52331715587984
665.0	1.8	1.0	0.38	-0.038	-0.145	0.025	0.11	-89.65977767628677
666.0	1.8	1.0	0.38	-0.038	-0.145	0.025	0.12	-89.39304514099025
667.0	1.8	1.0	0.38	-0.038	-0.14	0.02	0.1	-101.0905834159299
668.0	1.8	1.0	0.38	-0.038	-0.14	0.02	0.11	-100.89610495683365
669.0	1.8	1.0	0.38	-0.038	-0.14	0.02	0.12	-101.30936699653134
670.0	1.8	1.0	0.38	-0.038	-0.14	0.0225	0.1	-95.22031246162283
671.0	1.8	1.0	0.38	-0.038	-0.14	0.0225	0.11	-94.65060127883719
672.0	1.8	1.0	0.38	-0.038	-0.14	0.0225	0.12	-94.68323196595951
673.0	1.8	1.0	0.38	-0.038	-0.14	0.025	0.1	-90.51336184699166
674.0	1.8	1.0	0.38	-0.038	-0.14	0.025	0.11	-89.64673461856486
675.0	1.8	1.0	0.38	-0.038	-0.14	0.025	0.12	-89.37695798800652
676.0	1.8	1.0	0.38	-0.037	-0.15	0.02	0.1	-101.14543648607426
677.0	1.8	1.0	0.38	-0.037	-0.15	0.02	0.11	-100.96001022718752
678.0	1.8	1.0	0.38	-0.037	-0.15	0.02	0.12	-101.38220832760109
679.0	1.8	1.0	0.38	-0.037	-0.15	0.0225	0.1	-95.26449085824181
680.0	1.8	1.0	0.38	-0.037	-0.15	0.0225	0.11	-94.70277105694305
681.0	1.8	1.0	0.38	-0.037	-0.15	0.0225	0.12	-94.74330529537063
682.0	1.8	1.0	0.38	-0.037	-0.15	0.025	0.1	-90.54910968998313
683.0	1.8	1.0	0.38	-0.037	-0.15	0.025	0.11	-89.6896152901305
684.0	1.8	1.0	0.38	-0.037	-0.15	0.025	0.12	-89.42690805667155
685.0	1.8	1.0	0.38	-0.037	-0.145	0.02	0.1	-101.12697059596177
686.0	1.8	1.0	0.38	-0.037	-0.145	0.02	0.11	-100.93762372151775
687.0	1.8	1.0	0.38	-0.037	-0.145	0.02	0.12	-101.3559722405197
688.0	1.8	1.0	0.38	-0.037	-0.145	0.0225	0.1	-95.25078006029422
689.0	1.8	1.0	0.38	-0.037	-0.145	0.0225	0.11	-94.68559995279114
690.0	1.8	1.0	0.38	-0.037	-0.145	0.0225	0.12	-94.72273013121728
691.0	1.8	1.0	0.38	-0.037	-0.145	0.025	0.1	-90.5391543825001
692.0	1.8	1.0	0.38	-0.037	-0.145	0.025	0.11	-89.67657223372237
693.0	1.8	1.0	0.38	-0.037	-0.145	0.025	0.12	-89.41082090475078
694.0	1.8	1.0	0.38	-0.037	-0.14	0.02	0.1	-101.10850470373732
695.0	1.8	1.0	0.38	-0.037	-0.14	0.02	0.11	-100.91523721437659
696.0	1.8	1.0	0.38	-0.037	-0.14	0.02	0.12	-101.32973615269462
697.0	1.8	1.0	0.38	-0.037	-0.14	0.0225	0.1	-95.23706925967382
698.0	1.8	1.0	0.38	-0.037	-0.14	0.0225	0.11	-94.66842884655617
699.0	1.8	1.0	0.38	-0.037	-0.14	0.0225	0.12	-94.70215496568906
700.0	1.8	1.0	0.38	-0.037	-0.14	0.025	0.1	-90.52919907186494
701.0	1.8	1.0	0.38	-0.037	-0.14	0.025	0.11	-89.66352917467161
702.0	1.8	1.0	0.38	-0.037	-0.14	0.025	0.12	-89.39473375084773
703.0	1.8	1.0	0.38	-0.036	-0.15	0.02	0.1	-101.16335777535126
704.0	1.8	1.0	0.38	-0.036	-0.15	0.02	0.11	-100.9791424856983
705.0	1.8	1.0	0.38	-0.036	-0.15	0.02	0.12	-101.40257748422908
706.0	1.8	1.0	0.38	-0.036	-0.15	0.0225	0.1	-95.2812476582928
707.0	1.8	1.0	0.38	-0.036	-0.15	0.0225	0.11	-94.7205986261305
708.0	1.8	1.0	0.38	-0.036	-0.15	0.0225	0.12	-94.76222829601969
709.0	1.8	1.0	0.38	-0.036	-0.15	0.025	0.1	-90.56494691738222
710.0	1.8	1.0	0.38	-0.036	-0.15	0.025	0.11	-89.70640984822691
711.0	1.8	1.0	0.38	-0.036	-0.15	0.025	0.12	-89.44468382092518
712.0	1.8	1.0	0.38	-0.036	-0.145	0.02	0.1	-101.1448918842916
713.0	1.8	1.0	0.38	-0.036	-0.145	0.02	0.11	-100.95675597941785
714.0	1.8	1.0	0.38	-0.036	-0.145	0.02	0.12	-101.3763413968595
715.0	1.8	1.0	0.38	-0.036	-0.145	0.0225	0.1	-95.26753685901333
716.0	1.8	1.0	0.38	-0.036	-0.145	0.0225	0.11	-94.70342752102695
717.0	1.8	1.0	0.38	-0.036	-0.145	0.0225	0.12	-94.74165313128269
718.0	1.8	1.0	0.38	-0.036	-0.145	0.025	0.1	-90.55499160815206
719.0	1.8	1.0	0.38	-0.036	-0.145	0.025	0.11	-89.69336679048958
720.0	1.8	1.0	0.38	-0.036	-0.145	0.025	0.12	-89.42859666808492
721.0	1.8	1.0	0.38	-0.036	-0.14	0.02	0.1	-101.1264259911202
722.0	1.8	1.0	0.38	-0.036	-0.14	0.02	0.11	-100.93436947166619
723.0	1.8	1.0	0.38	-0.036	-0.14	0.02	0.12	-101.35010530874636
724.0	1.8	1.0	0.38	-0.036	-0.14	0.0225	0.1	-95.25382605706132
725.0	1.8	1.0	0.38	-0.036	-0.14	0.0225	0.11	-94.68625641384071
726.0	1.8	1.0	0.38	-0.036	-0.14	0.0225	0.12	-94.72107796517102
727.0	1.8	1.0	0.38	-0.036	-0.14	0.025	0.1	-90.54503629577026
728.0	1.8	1.0	0.38	-0.036	-0.14	0.025	0.11	-89.68032373010998
729.0	1.8	1.0	0.38	-0.036	-0.14	0.025	0.12	-89.41250951326263
